"","DHSID","DHSYEAR","DHSCLUST","LATNUM","LONGNUM","DATUM"
"1","BD201800000001",2018,1,21.907454,90.106474,"WGS84"
"2","BD201800000002",2018,2,22.171946,90.298709,"WGS84"
"3","BD201800000003",2018,3,22.16715,90.187479,"WGS84"
"4","BD201800000004",2018,4,22.195625,90.122065,"WGS84"
"5","BD201800000005",2018,5,22.348901,90.179272,"WGS84"
"6","BD201800000006",2018,6,22.151993,89.92755,"WGS84"
"7","BD201800000007",2018,7,22.941232,90.183298,"WGS84"
"8","BD201800000008",2018,8,22.869642,90.327852,"WGS84"
"9","BD201800000009",2018,9,22.585755,90.459976,"WGS84"
"10","BD201800000010",2018,10,22.481506,90.225066,"WGS84"
"11","BD201800000011",2018,11,22.751543,90.090022,"WGS84"
"12","BD201800000012",2018,12,23.031554,90.158503,"WGS84"
"13","BD201800000013",2018,13,22.958213,90.462954,"WGS84"
"14","BD201800000014",2018,14,22.722446,90.439081,"WGS84"
"15","BD201800000015",2018,15,22.773512,90.510097,"WGS84"
"16","BD201800000016",2018,16,22.830955,90.501394,"WGS84"
"17","BD201800000017",2018,17,22.922284,90.364305,"WGS84"
"18","BD201800000018",2018,18,22.780921,90.263736,"WGS84"
"19","BD201800000019",2018,19,22.871387,90.218032,"WGS84"
"20","BD201800000020",2018,20,22.739601,90.61467,"WGS84"
"21","BD201800000021",2018,21,22.681394,90.627882,"WGS84"
"22","BD201800000022",2018,22,22.503841,90.746643,"WGS84"
"23","BD201800000023",2018,23,22.25302,90.726762,"WGS84"
"24","BD201800000024",2018,24,22.107969,90.746173,"WGS84"
"25","BD201800000025",2018,25,22.102221,90.71185,"WGS84"
"26","BD201800000026",2018,26,22.569419,90.651327,"WGS84"
"27","BD201800000027",2018,27,22.28336,90.711848,"WGS84"
"28","BD201800000028",2018,28,22.249066,90.987612,"WGS84"
"29","BD201800000029",2018,29,22.422339,90.807642,"WGS84"
"30","BD201800000030",2018,30,22.658741,90.146001,"WGS84"
"31","BD201800000031",2018,31,22.381489,90.02957,"WGS84"
"32","BD201800000032",2018,32,22.563714,90.20904,"WGS84"
"33","BD201800000033",2018,33,22.551318,90.114836,"WGS84"
"34","BD201800000034",2018,34,22.510268,90.471287,"WGS84"
"35","BD201800000035",2018,35,22.454996,90.615645,"WGS84"
"36","BD201800000036",2018,36,22.146699,90.572269,"WGS84"
"37","BD201800000037",2018,37,21.99635,90.390402,"WGS84"
"38","BD201800000038",2018,38,22.236274,90.430266,"WGS84"
"39","BD201800000039",2018,39,22.066812,90.194806,"WGS84"
"40","BD201800000040",2018,40,22.050857,90.381872,"WGS84"
"41","BD201800000041",2018,41,22.417578,90.228178,"WGS84"
"42","BD201800000042",2018,42,22.31056,90.453173,"WGS84"
"43","BD201800000043",2018,43,22.481236,90.005467,"WGS84"
"44","BD201800000044",2018,44,22.627657,90.060176,"WGS84"
"45","BD201800000045",2018,45,22.280695,89.984821,"WGS84"
"46","BD201800000046",2018,46,22.788475,90.027407,"WGS84"
"47","BD201800000047",2018,47,22.729697,89.983822,"WGS84"
"48","BD201800000048",2018,48,22.794694,90.046491,"WGS84"
"49","BD201800000049",2018,49,22.757789,90.078531,"WGS84"
"50","BD201800000050",2018,50,22.301833,90.086874,"WGS84"
"51","BD201800000051",2018,51,22.177296,90.017112,"WGS84"
"52","BD201800000052",2018,52,22.789436,90.174962,"WGS84"
"53","BD201800000053",2018,53,22.837383,90.513882,"WGS84"
"54","BD201800000054",2018,54,22.68712,90.651313,"WGS84"
"55","BD201800000055",2018,55,22.682577,90.670485,"WGS84"
"56","BD201800000056",2018,56,22.178496,90.736993,"WGS84"
"57","BD201800000057",2018,57,22.396907,90.837806,"WGS84"
"58","BD201800000058",2018,58,22.643927,90.179932,"WGS84"
"59","BD201800000059",2018,59,22.40149,90.548655,"WGS84"
"60","BD201800000060",2018,60,21.988558,90.235642,"WGS84"
"61","BD201800000061",2018,61,22.358655,90.340973,"WGS84"
"62","BD201800000062",2018,62,22.495694,90.06846,"WGS84"
"63","BD201800000063",2018,63,22.582057,89.971813,"WGS84"
"64","BD201800000064",2018,64,22.743372,90.102135,"WGS84"
"65","BD201800000065",2018,65,22.710825,90.381846,"WGS84"
"66","BD201800000066",2018,66,22.708714,90.386435,"WGS84"
"67","BD201800000067",2018,67,22.704365,90.377539,"WGS84"
"68","BD201800000068",2018,68,22.705076,90.35935,"WGS84"
"69","BD201800000069",2018,69,22.720304,90.350855,"WGS84"
"70","BD201800000070",2018,70,22.673766,90.358883,"WGS84"
"71","BD201800000071",2018,71,22.726487,90.345497,"WGS84"
"72","BD201800000072",2018,72,21.246636,92.198336,"WGS84"
"73","BD201800000073",2018,73,23.71104,90.7546,"WGS84"
"74","BD201800000074",2018,74,23.914973,91.203543,"WGS84"
"75","BD201800000075",2018,75,23.973232,91.018588,"WGS84"
"76","BD201800000076",2018,76,23.88941,90.985618,"WGS84"
"77","BD201800000077",2018,77,23.849041,90.914421,"WGS84"
"78","BD201800000078",2018,78,24.102777,91.118046,"WGS84"
"79","BD201800000079",2018,79,23.151719,90.690835,"WGS84"
"80","BD201800000080",2018,80,23.121275,90.570334,"WGS84"
"81","BD201800000081",2018,81,23.204901,90.922009,"WGS84"
"82","BD201800000082",2018,82,23.374617,90.898707,"WGS84"
"83","BD201800000083",2018,83,23.274789,90.750621,"WGS84"
"84","BD201800000084",2018,84,23.219788,90.935571,"WGS84"
"85","BD201800000085",2018,85,22.143702,91.86403,"WGS84"
"86","BD201800000086",2018,86,22.015365,91.893003,"WGS84"
"87","BD201800000087",2018,87,22.230076,92.02314,"WGS84"
"88","BD201800000088",2018,88,22.616459,91.818193,"WGS84"
"89","BD201800000089",2018,89,22.477454,91.891664,"WGS84"
"90","BD201800000090",2018,90,21.982571,92.13016,"WGS84"
"91","BD201800000091",2018,91,22.891074,91.470961,"WGS84"
"92","BD201800000092",2018,92,22.299841,91.995284,"WGS84"
"93","BD201800000093",2018,93,22.371524,92.111516,"WGS84"
"94","BD201800000094",2018,94,22.479984,91.887426,"WGS84"
"95","BD201800000095",2018,95,22.143659,92.028164,"WGS84"
"96","BD201800000096",2018,96,22.620142,91.680319,"WGS84"
"97","BD201800000097",2018,97,23.224774,91.014006,"WGS84"
"98","BD201800000098",2018,98,23.422509,91.069662,"WGS84"
"99","BD201800000099",2018,99,23.398469,90.92753,"WGS84"
"100","BD201800000100",2018,100,23.062168,91.176243,"WGS84"
"101","BD201800000101",2018,101,23.260224,91.17385,"WGS84"
"102","BD201800000102",2018,102,23.511586,90.815476,"WGS84"
"103","BD201800000103",2018,103,23.577278,90.95193,"WGS84"
"104","BD201800000104",2018,104,23.317536,91.095738,"WGS84"
"105","BD201800000105",2018,105,23.228493,91.086496,"WGS84"
"106","BD201800000106",2018,106,23.619608,90.758864,"WGS84"
"107","BD201800000107",2018,107,23.566148,90.903627,"WGS84"
"108","BD201800000108",2018,108,23.160027,91.20257,"WGS84"
"109","BD201800000109",2018,109,21.789468,92.203661,"WGS84"
"110","BD201800000110",2018,110,21.513026,92.062179,"WGS84"
"111","BD201800000111",2018,111,21.637795,91.918131,"WGS84"
"112","BD201800000112",2018,112,21.56051,92.132896,"WGS84"
"113","BD201800000113",2018,113,21.266239,92.125642,"WGS84"
"114","BD201800000114",2018,114,22.964414,91.379548,"WGS84"
"115","BD201800000115",2018,115,22.924665,91.475388,"WGS84"
"116","BD201800000116",2018,116,22.909459,91.362651,"WGS84"
"117","BD201800000117",2018,117,22.990412,92.044223,"WGS84"
"118","BD201800000118",2018,118,22.830904,90.835491,"WGS84"
"119","BD201800000119",2018,119,22.93489,90.779414,"WGS84"
"120","BD201800000120",2018,120,22.961441,90.843081,"WGS84"
"121","BD201800000121",2018,121,23.075911,90.874529,"WGS84"
"122","BD201800000122",2018,122,22.621308,90.95927,"WGS84"
"123","BD201800000123",2018,123,22.604355,91.093866,"WGS84"
"124","BD201800000124",2018,124,22.870305,91.290708,"WGS84"
"125","BD201800000125",2018,125,22.121753,91.067089,"WGS84"
"126","BD201800000126",2018,126,23.043566,91.154317,"WGS84"
"127","BD201800000127",2018,127,23.072222,91.062063,"WGS84"
"128","BD201800000128",2018,128,22.60411,91.138774,"WGS84"
"129","BD201800000129",2018,129,22.826657,91.063954,"WGS84"
"130","BD201800000130",2018,130,22.961706,92.244883,"WGS84"
"131","BD201800000131",2018,131,21.364902,92.196029,"WGS84"
"132","BD201800000132",2018,132,23.998472,91.104171,"WGS84"
"133","BD201800000133",2018,133,23.225256,90.651297,"WGS84"
"134","BD201800000134",2018,134,23.340224,90.893775,"WGS84"
"135","BD201800000135",2018,135,22.332182,91.906277,"WGS84"
"136","BD201800000136",2018,136,22.51414,91.843214,"WGS84"
"137","BD201800000137",2018,137,23.368529,91.006447,"WGS84"
"138","BD201800000138",2018,138,23.536341,90.717162,"WGS84"
"139","BD201800000139",2018,139,23.272811,91.111799,"WGS84"
"140","BD201800000140",2018,140,23.628181,90.939958,"WGS84"
"141","BD201800000141",2018,141,21.402591,91.996908,"WGS84"
"142","BD201800000142",2018,142,23.047018,91.529581,"WGS84"
"143","BD201800000143",2018,143,23.20685,91.458978,"WGS84"
"144","BD201800000144",2018,144,22.977964,91.738806,"WGS84"
"145","BD201800000145",2018,145,22.616519,90.975876,"WGS84"
"146","BD201800000146",2018,146,22.579465,91.109533,"WGS84"
"147","BD201800000147",2018,147,23.145425,92.201875,"WGS84"
"148","BD201800000148",2018,148,22.383136,91.811586,"WGS84"
"149","BD201800000149",2018,149,22.347152,91.838223,"WGS84"
"150","BD201800000150",2018,150,22.342584,91.850188,"WGS84"
"151","BD201800000151",2018,151,22.374435,91.857405,"WGS84"
"152","BD201800000152",2018,152,22.361452,91.8659,"WGS84"
"153","BD201800000153",2018,153,22.287392,91.77629,"WGS84"
"154","BD201800000154",2018,154,22.330065,91.812304,"WGS84"
"155","BD201800000155",2018,155,22.328366,91.838465,"WGS84"
"156","BD201800000156",2018,156,22.324331,91.801424,"WGS84"
"157","BD201800000157",2018,157,22.363209,91.844667,"WGS84"
"158","BD201800000158",2018,158,22.328858,91.848177,"WGS84"
"159","BD201800000159",2018,159,22.364225,91.786437,"WGS84"
"160","BD201800000160",2018,160,22.346119,91.797423,"WGS84"
"161","BD201800000161",2018,161,22.352247,91.799591,"WGS84"
"162","BD201800000162",2018,162,22.377706,91.828071,"WGS84"
"163","BD201800000163",2018,163,22.274602,91.794129,"WGS84"
"164","BD201800000164",2018,164,23.92705,90.194546,"WGS84"
"165","BD201800000165",2018,165,23.687809,90.43275,"WGS84"
"166","BD201800000166",2018,166,23.69283,90.424433,"WGS84"
"167","BD201800000167",2018,167,23.620194,90.18943,"WGS84"
"168","BD201800000168",2018,168,23.465868,90.204627,"WGS84"
"169","BD201800000169",2018,169,23.916924,90.238472,"WGS84"
"170","BD201800000170",2018,170,23.931809,90.329423,"WGS84"
"171","BD201800000171",2018,171,23.497775,89.69427,"WGS84"
"172","BD201800000172",2018,172,23.545607,89.791398,"WGS84"
"173","BD201800000173",2018,173,23.375463,89.883674,"WGS84"
"174","BD201800000174",2018,174,23.982738,90.384044,"WGS84"
"175","BD201800000175",2018,175,23.954467,90.377633,"WGS84"
"176","BD201800000176",2018,176,24.011379,90.271937,"WGS84"
"177","BD201800000177",2018,177,24.20306,90.264776,"WGS84"
"178","BD201800000178",2018,178,24.185536,90.676403,"WGS84"
"179","BD201800000179",2018,179,24.235918,90.421439,"WGS84"
"180","BD201800000180",2018,180,23.020514,89.898297,"WGS84"
"181","BD201800000181",2018,181,23.055079,89.993621,"WGS84"
"182","BD201800000182",2018,182,24.316234,91.161338,"WGS84"
"183","BD201800000183",2018,183,24.098135,90.992885,"WGS84"
"184","BD201800000184",2018,184,24.430917,90.86903,"WGS84"
"185","BD201800000185",2018,185,24.407732,90.814915,"WGS84"
"186","BD201800000186",2018,186,24.386413,91.072699,"WGS84"
"187","BD201800000187",2018,187,24.509888,90.91744,"WGS84"
"188","BD201800000188",2018,188,23.125159,90.279784,"WGS84"
"189","BD201800000189",2018,189,23.294671,90.236502,"WGS84"
"190","BD201800000190",2018,190,23.839855,89.932932,"WGS84"
"191","BD201800000191",2018,191,23.874553,90.087526,"WGS84"
"192","BD201800000192",2018,192,23.853019,90.045586,"WGS84"
"193","BD201800000193",2018,193,23.497221,90.399721,"WGS84"
"194","BD201800000194",2018,194,23.541423,90.433848,"WGS84"
"195","BD201800000195",2018,195,23.486398,90.430502,"WGS84"
"196","BD201800000196",2018,196,23.847932,90.655875,"WGS84"
"197","BD201800000197",2018,197,23.675057,90.51649,"WGS84"
"198","BD201800000198",2018,198,23.631733,90.504987,"WGS84"
"199","BD201800000199",2018,199,23.678668,90.494197,"WGS84"
"200","BD201800000200",2018,200,24.048,90.852822,"WGS84"
"201","BD201800000201",2018,201,23.940176,90.741713,"WGS84"
"202","BD201800000202",2018,202,23.984793,90.697639,"WGS84"
"203","BD201800000203",2018,203,23.961888,90.853826,"WGS84"
"204","BD201800000204",2018,204,23.645601,89.472964,"WGS84"
"205","BD201800000205",2018,205,23.76686,89.335184,"WGS84"
"206","BD201800000206",2018,206,23.168961,90.571157,"WGS84"
"207","BD201800000207",2018,207,23.368636,90.447602,"WGS84"
"208","BD201800000208",2018,208,23.34713,90.300463,"WGS84"
"209","BD201800000209",2018,209,24.172395,89.972374,"WGS84"
"210","BD201800000210",2018,210,24.40056,89.995238,"WGS84"
"211","BD201800000211",2018,211,24.619892,89.862631,"WGS84"
"212","BD201800000212",2018,212,24.377242,89.835736,"WGS84"
"213","BD201800000213",2018,213,24.055993,90.100739,"WGS84"
"214","BD201800000214",2018,214,24.052952,89.944237,"WGS84"
"215","BD201800000215",2018,215,24.307229,89.881055,"WGS84"
"216","BD201800000216",2018,216,23.800624,90.461852,"WGS84"
"217","BD201800000217",2018,217,23.868037,90.40843,"WGS84"
"218","BD201800000218",2018,218,23.716596,90.469803,"WGS84"
"219","BD201800000219",2018,219,23.606527,90.118839,"WGS84"
"220","BD201800000220",2018,220,23.699446,90.447002,"WGS84"
"221","BD201800000221",2018,221,23.71392,90.370867,"WGS84"
"222","BD201800000222",2018,222,23.718882,90.432122,"WGS84"
"223","BD201800000223",2018,223,23.847227,90.284612,"WGS84"
"224","BD201800000224",2018,224,23.874467,90.441821,"WGS84"
"225","BD201800000225",2018,225,23.54526,89.624363,"WGS84"
"226","BD201800000226",2018,226,23.920856,90.400857,"WGS84"
"227","BD201800000227",2018,227,23.897032,90.430199,"WGS84"
"228","BD201800000228",2018,228,24.044895,90.238666,"WGS84"
"229","BD201800000229",2018,229,24.187985,90.437168,"WGS84"
"230","BD201800000230",2018,230,24.089329,90.992678,"WGS84"
"231","BD201800000231",2018,231,24.422238,90.777472,"WGS84"
"232","BD201800000233",2018,233,23.504618,90.460383,"WGS84"
"233","BD201800000234",2018,234,23.634516,90.502365,"WGS84"
"234","BD201800000235",2018,235,23.679784,90.517302,"WGS84"
"235","BD201800000236",2018,236,23.841208,90.566865,"WGS84"
"236","BD201800000237",2018,237,23.865525,90.666998,"WGS84"
"237","BD201800000238",2018,238,23.931684,90.623004,"WGS84"
"238","BD201800000239",2018,239,23.290207,90.415984,"WGS84"
"239","BD201800000240",2018,240,24.381573,89.997864,"WGS84"
"240","BD201800000241",2018,241,24.203464,89.929135,"WGS84"
"241","BD201800000242",2018,242,23.769426,90.339342,"WGS84"
"242","BD201800000243",2018,243,23.76648,90.427985,"WGS84"
"243","BD201800000244",2018,244,23.826041,90.383166,"WGS84"
"244","BD201800000245",2018,245,23.786606,90.348355,"WGS84"
"245","BD201800000246",2018,246,23.69,90.420423,"WGS84"
"246","BD201800000247",2018,247,23.773258,90.401934,"WGS84"
"247","BD201800000248",2018,248,23.711732,90.42598,"WGS84"
"248","BD201800000249",2018,249,23.809661,90.364553,"WGS84"
"249","BD201800000250",2018,250,23.792542,90.391041,"WGS84"
"250","BD201800000251",2018,251,23.741698,90.374976,"WGS84"
"251","BD201800000252",2018,252,23.752043,90.451037,"WGS84"
"252","BD201800000253",2018,253,23.717084,90.379664,"WGS84"
"253","BD201800000254",2018,254,23.705833,90.374506,"WGS84"
"254","BD201800000255",2018,255,23.791056,90.347524,"WGS84"
"255","BD201800000256",2018,256,23.769129,90.359076,"WGS84"
"256","BD201800000257",2018,257,23.74203,90.352937,"WGS84"
"257","BD201800000258",2018,258,23.747088,90.405346,"WGS84"
"258","BD201800000259",2018,259,23.799495,90.383395,"WGS84"
"259","BD201800000260",2018,260,23.825728,90.369156,"WGS84"
"260","BD201800000261",2018,261,23.751025,90.382592,"WGS84"
"261","BD201800000262",2018,262,23.751576,90.430424,"WGS84"
"262","BD201800000263",2018,263,23.736141,90.434924,"WGS84"
"263","BD201800000264",2018,264,23.696531,90.420654,"WGS84"
"264","BD201800000265",2018,265,23.78039,90.371796,"WGS84"
"265","BD201800000266",2018,266,23.778448,90.39407,"WGS84"
"266","BD201800000267",2018,267,23.878554,90.405921,"WGS84"
"267","BD201800000268",2018,268,22.63654,89.774617,"WGS84"
"268","BD201800000269",2018,269,22.669014,89.655454,"WGS84"
"269","BD201800000270",2018,270,22.867512,89.721956,"WGS84"
"270","BD201800000271",2018,271,22.435588,89.869305,"WGS84"
"271","BD201800000272",2018,272,22.582008,89.844224,"WGS84"
"272","BD201800000273",2018,273,22.305964,89.825847,"WGS84"
"273","BD201800000274",2018,274,23.678047,89.006536,"WGS84"
"274","BD201800000275",2018,275,23.579816,88.83094,"WGS84"
"275","BD201800000276",2018,276,23.561303,88.657177,"WGS84"
"276","BD201800000277",2018,277,23.504002,88.874337,"WGS84"
"277","BD201800000278",2018,278,23.274321,89.306615,"WGS84"
"278","BD201800000279",2018,279,23.270794,88.991301,"WGS84"
"279","BD201800000280",2018,280,22.993367,89.003814,"WGS84"
"280","BD201800000281",2018,281,22.851366,89.346417,"WGS84"
"281","BD201800000282",2018,282,23.177722,89.19895,"WGS84"
"282","BD201800000283",2018,283,23.217634,89.235456,"WGS84"
"283","BD201800000284",2018,284,23.071439,89.210088,"WGS84"
"284","BD201800000285",2018,285,23.074299,89.196554,"WGS84"
"285","BD201800000286",2018,286,23.072687,88.890594,"WGS84"
"286","BD201800000287",2018,287,22.997616,88.964035,"WGS84"
"287","BD201800000288",2018,288,23.481509,89.288712,"WGS84"
"288","BD201800000289",2018,289,23.50793,89.303569,"WGS84"
"289","BD201800000290",2018,290,23.353981,89.201492,"WGS84"
"290","BD201800000291",2018,291,23.42457,88.937356,"WGS84"
"291","BD201800000292",2018,292,23.276728,88.752809,"WGS84"
"292","BD201800000293",2018,293,23.639069,89.178596,"WGS84"
"293","BD201800000294",2018,294,22.75083,89.476992,"WGS84"
"294","BD201800000295",2018,295,22.463512,89.450675,"WGS84"
"295","BD201800000296",2018,296,22.879779,89.418651,"WGS84"
"296","BD201800000297",2018,297,22.880164,89.552715,"WGS84"
"297","BD201800000298",2018,298,22.397269,89.332373,"WGS84"
"298","BD201800000299",2018,299,22.616383,89.390071,"WGS84"
"299","BD201800000300",2018,300,22.79934,89.603938,"WGS84"
"300","BD201800000301",2018,301,24.085553,88.973133,"WGS84"
"301","BD201800000302",2018,302,24.008851,88.831247,"WGS84"
"302","BD201800000303",2018,303,24.079947,88.859803,"WGS84"
"303","BD201800000304",2018,304,23.788527,89.327205,"WGS84"
"304","BD201800000305",2018,305,23.760507,89.220143,"WGS84"
"305","BD201800000306",2018,306,23.893348,89.081915,"WGS84"
"306","BD201800000307",2018,307,23.801083,89.137271,"WGS84"
"307","BD201800000308",2018,308,23.84974,88.939103,"WGS84"
"308","BD201800000309",2018,309,23.432534,89.451046,"WGS84"
"309","BD201800000310",2018,310,23.359663,89.55174,"WGS84"
"310","BD201800000311",2018,311,23.277503,89.408768,"WGS84"
"311","BD201800000312",2018,312,23.578563,89.434307,"WGS84"
"312","BD201800000313",2018,313,23.861445,88.7972,"WGS84"
"313","BD201800000314",2018,314,23.782238,88.674556,"WGS84"
"314","BD201800000315",2018,315,22.980899,89.591895,"WGS84"
"315","BD201800000316",2018,316,23.283673,89.583163,"WGS84"
"316","BD201800000317",2018,317,23.105459,89.454748,"WGS84"
"317","BD201800000318",2018,318,22.488209,89.221136,"WGS84"
"318","BD201800000319",2018,319,22.550871,89.002432,"WGS84"
"319","BD201800000320",2018,320,22.877471,88.980779,"WGS84"
"320","BD201800000321",2018,321,22.338849,89.005464,"WGS84"
"321","BD201800000322",2018,322,22.645668,89.102187,"WGS84"
"322","BD201800000323",2018,323,22.307031,89.118469,"WGS84"
"323","BD201800000324",2018,324,22.337334,89.11419,"WGS84"
"324","BD201800000325",2018,325,22.771261,89.140466,"WGS84"
"325","BD201800000326",2018,326,22.768685,89.731976,"WGS84"
"326","BD201800000327",2018,327,22.300665,89.847392,"WGS84"
"327","BD201800000328",2018,328,23.619404,88.839552,"WGS84"
"328","BD201800000329",2018,329,23.528898,88.811891,"WGS84"
"329","BD201800000330",2018,330,23.066842,89.370625,"WGS84"
"330","BD201800000331",2018,331,23.101167,89.103793,"WGS84"
"331","BD201800000332",2018,332,23.175166,89.211559,"WGS84"
"332","BD201800000333",2018,333,23.145876,89.218854,"WGS84"
"333","BD201800000334",2018,334,23.054684,88.890388,"WGS84"
"334","BD201800000335",2018,335,23.51852,89.294786,"WGS84"
"335","BD201800000336",2018,336,23.411051,89.000794,"WGS84"
"336","BD201800000337",2018,337,22.606097,89.520721,"WGS84"
"337","BD201800000338",2018,338,24.022359,88.963617,"WGS84"
"338","BD201800000339",2018,339,23.901671,89.107837,"WGS84"
"339","BD201800000340",2018,340,23.470175,89.399394,"WGS84"
"340","BD201800000341",2018,341,23.829999,88.753234,"WGS84"
"341","BD201800000342",2018,342,23.185775,89.655721,"WGS84"
"342","BD201800000343",2018,343,22.882038,89.042636,"WGS84"
"343","BD201800000344",2018,344,22.708309,89.064979,"WGS84"
"344","BD201800000345",2018,345,22.889195,89.509435,"WGS84"
"345","BD201800000346",2018,346,22.873369,89.53665,"WGS84"
"346","BD201800000347",2018,347,22.862931,89.521,"WGS84"
"347","BD201800000348",2018,348,22.856434,89.535184,"WGS84"
"348","BD201800000349",2018,349,22.803891,89.54714,"WGS84"
"349","BD201800000350",2018,350,22.79289,89.564844,"WGS84"
"350","BD201800000351",2018,351,22.779157,89.578141,"WGS84"
"351","BD201800000352",2018,352,22.824878,89.548149,"WGS84"
"352","BD201800000353",2018,353,22.806691,89.561396,"WGS84"
"353","BD201800000354",2018,354,25.175976,89.836005,"WGS84"
"354","BD201800000355",2018,355,25.381728,89.795597,"WGS84"
"355","BD201800000356",2018,356,24.996603,89.876663,"WGS84"
"356","BD201800000357",2018,357,25.030157,89.733031,"WGS84"
"357","BD201800000358",2018,358,24.763963,89.936217,"WGS84"
"358","BD201800000359",2018,359,24.893592,90.126698,"WGS84"
"359","BD201800000360",2018,360,24.873447,89.999279,"WGS84"
"360","BD201800000361",2018,361,24.924468,89.688372,"WGS84"
"361","BD201800000362",2018,362,24.82544,89.807094,"WGS84"
"362","BD201800000363",2018,363,24.883228,89.852185,"WGS84"
"363","BD201800000364",2018,364,24.64394,89.817152,"WGS84"
"364","BD201800000365",2018,365,24.757039,89.885681,"WGS84"
"365","BD201800000366",2018,366,24.418364,90.45308,"WGS84"
"366","BD201800000367",2018,367,24.308313,90.4,"WGS84"
"367","BD201800000368",2018,368,24.451762,90.238927,"WGS84"
"368","BD201800000369",2018,369,25.064841,90.513968,"WGS84"
"369","BD201800000370",2018,370,24.494776,90.326629,"WGS84"
"370","BD201800000371",2018,371,24.596023,90.190305,"WGS84"
"371","BD201800000372",2018,372,24.345501,90.620589,"WGS84"
"372","BD201800000373",2018,373,24.260579,90.571177,"WGS84"
"373","BD201800000374",2018,374,24.421396,90.616938,"WGS84"
"374","BD201800000375",2018,375,24.782692,90.602679,"WGS84"
"375","BD201800000376",2018,376,25.030391,90.389342,"WGS84"
"376","BD201800000377",2018,377,25.137755,90.274359,"WGS84"
"377","BD201800000378",2018,378,24.646864,90.563737,"WGS84"
"378","BD201800000379",2018,379,24.691109,90.671978,"WGS84"
"379","BD201800000380",2018,380,24.675617,90.420933,"WGS84"
"380","BD201800000381",2018,381,24.675922,90.373443,"WGS84"
"381","BD201800000382",2018,382,24.761701,90.232817,"WGS84"
"382","BD201800000383",2018,383,24.715113,90.175301,"WGS84"
"383","BD201800000384",2018,384,24.832286,90.232633,"WGS84"
"384","BD201800000385",2018,385,24.473169,90.677821,"WGS84"
"385","BD201800000386",2018,386,24.500701,90.634036,"WGS84"
"386","BD201800000387",2018,387,24.811466,90.507912,"WGS84"
"387","BD201800000388",2018,388,24.777402,90.448616,"WGS84"
"388","BD201800000389",2018,389,24.948485,90.409857,"WGS84"
"389","BD201800000390",2018,390,24.685278,90.400075,"WGS84"
"390","BD201800000391",2018,391,24.642399,90.441043,"WGS84"
"391","BD201800000392",2018,392,24.776364,90.936758,"WGS84"
"392","BD201800000393",2018,393,24.973611,90.813183,"WGS84"
"393","BD201800000394",2018,394,25.13457,90.766771,"WGS84"
"394","BD201800000395",2018,395,24.612898,91.107081,"WGS84"
"395","BD201800000396",2018,396,25.151582,90.852648,"WGS84"
"396","BD201800000397",2018,397,24.70522,90.780159,"WGS84"
"397","BD201800000398",2018,398,24.711466,90.889476,"WGS84"
"398","BD201800000399",2018,399,24.702714,90.918297,"WGS84"
"399","BD201800000400",2018,400,24.851846,90.739355,"WGS84"
"400","BD201800000401",2018,401,24.906264,90.713035,"WGS84"
"401","BD201800000402",2018,402,24.909591,90.581156,"WGS84"
"402","BD201800000403",2018,403,24.937036,90.645022,"WGS84"
"403","BD201800000404",2018,404,25.223437,90.040465,"WGS84"
"404","BD201800000405",2018,405,24.994219,90.175511,"WGS84"
"405","BD201800000406",2018,406,25.091434,90.251971,"WGS84"
"406","BD201800000407",2018,407,25.070633,90.036387,"WGS84"
"407","BD201800000408",2018,408,24.953918,89.976688,"WGS84"
"408","BD201800000409",2018,409,24.992493,90.102981,"WGS84"
"409","BD201800000410",2018,410,25.118674,89.963995,"WGS84"
"410","BD201800000411",2018,411,25.134928,89.909496,"WGS84"
"411","BD201800000412",2018,412,25.177369,89.861277,"WGS84"
"412","BD201800000413",2018,413,25.084888,89.766686,"WGS84"
"413","BD201800000414",2018,414,24.924108,89.949389,"WGS84"
"414","BD201800000415",2018,415,24.86534,90.043548,"WGS84"
"415","BD201800000416",2018,416,24.73328,89.836468,"WGS84"
"416","BD201800000417",2018,417,24.388129,90.370274,"WGS84"
"417","BD201800000418",2018,418,24.669456,90.316054,"WGS84"
"418","BD201800000419",2018,419,24.683383,90.606949,"WGS84"
"419","BD201800000420",2018,420,24.756047,90.39447,"WGS84"
"420","BD201800000421",2018,421,24.735246,90.399992,"WGS84"
"421","BD201800000422",2018,422,24.735626,90.44835,"WGS84"
"422","BD201800000423",2018,423,24.722849,90.422724,"WGS84"
"423","BD201800000424",2018,424,24.711585,90.159341,"WGS84"
"424","BD201800000425",2018,425,24.957391,90.345019,"WGS84"
"425","BD201800000426",2018,426,25.129598,90.699326,"WGS84"
"426","BD201800000427",2018,427,24.855431,90.971197,"WGS84"
"427","BD201800000428",2018,428,24.874567,90.738859,"WGS84"
"428","BD201800000429",2018,429,25.093164,90.199317,"WGS84"
"429","BD201800000430",2018,430,25.002263,90.007294,"WGS84"
"430","BD201800000431",2018,431,24.78238,89.001169,"WGS84"
"431","BD201800000432",2018,432,24.880698,89.426234,"WGS84"
"432","BD201800000433",2018,433,24.729481,89.551427,"WGS84"
"433","BD201800000434",2018,434,24.935151,89.091747,"WGS84"
"434","BD201800000435",2018,435,24.8861,89.450671,"WGS84"
"435","BD201800000436",2018,436,24.838378,89.274205,"WGS84"
"436","BD201800000437",2018,437,24.779015,89.582271,"WGS84"
"437","BD201800000438",2018,438,24.922248,89.545541,"WGS84"
"438","BD201800000439",2018,439,24.804685,89.412737,"WGS84"
"439","BD201800000440",2018,440,24.610074,89.443845,"WGS84"
"440","BD201800000441",2018,441,25.085324,89.332738,"WGS84"
"441","BD201800000442",2018,442,24.962833,89.468854,"WGS84"
"442","BD201800000443",2018,443,24.867024,89.012019,"WGS84"
"443","BD201800000444",2018,444,25.134279,89.055512,"WGS84"
"444","BD201800000445",2018,445,24.998745,89.064611,"WGS84"
"445","BD201800000446",2018,446,24.58585,88.952038,"WGS84"
"446","BD201800000447",2018,447,24.904918,88.98166,"WGS84"
"447","BD201800000448",2018,448,25.016207,88.885655,"WGS84"
"448","BD201800000449",2018,449,24.690951,88.825223,"WGS84"
"449","BD201800000450",2018,450,24.904697,88.695878,"WGS84"
"450","BD201800000451",2018,451,24.85392,88.777696,"WGS84"
"451","BD201800000452",2018,452,24.76683,88.869679,"WGS84"
"452","BD201800000453",2018,453,24.893534,88.507707,"WGS84"
"453","BD201800000454",2018,454,25.163504,88.654003,"WGS84"
"454","BD201800000455",2018,455,24.696703,88.894307,"WGS84"
"455","BD201800000456",2018,456,24.28266,89.021933,"WGS84"
"456","BD201800000457",2018,457,24.324473,89.096264,"WGS84"
"457","BD201800000458",2018,458,24.406126,89.12769,"WGS84"
"458","BD201800000459",2018,459,24.202818,88.976015,"WGS84"
"459","BD201800000460",2018,460,24.420051,88.956265,"WGS84"
"460","BD201800000461",2018,461,24.47395,89.237331,"WGS84"
"461","BD201800000462",2018,462,24.934239,88.173852,"WGS84"
"462","BD201800000463",2018,463,24.948036,88.429532,"WGS84"
"463","BD201800000464",2018,464,24.482899,88.228851,"WGS84"
"464","BD201800000465",2018,465,24.738321,88.237153,"WGS84"
"465","BD201800000466",2018,466,24.682346,88.034934,"WGS84"
"466","BD201800000467",2018,467,24.055112,89.309266,"WGS84"
"467","BD201800000468",2018,468,23.982319,89.67433,"WGS84"
"468","BD201800000469",2018,469,24.235522,89.32504,"WGS84"
"469","BD201800000470",2018,470,24.195232,89.484019,"WGS84"
"470","BD201800000471",2018,471,24.151775,89.011091,"WGS84"
"471","BD201800000472",2018,472,24.007297,89.256732,"WGS84"
"472","BD201800000473",2018,473,24.033627,89.442209,"WGS84"
"473","BD201800000474",2018,474,24.159375,89.520487,"WGS84"
"474","BD201800000475",2018,475,23.905405,89.407068,"WGS84"
"475","BD201800000476",2018,476,24.59165,88.825253,"WGS84"
"476","BD201800000477",2018,477,24.53035,88.732288,"WGS84"
"477","BD201800000478",2018,478,24.449813,88.847771,"WGS84"
"478","BD201800000479",2018,479,24.429283,88.445074,"WGS84"
"479","BD201800000480",2018,480,24.477122,88.653479,"WGS84"
"480","BD201800000481",2018,481,24.395615,88.647593,"WGS84"
"481","BD201800000482",2018,482,24.697145,88.526454,"WGS84"
"482","BD201800000483",2018,483,24.2654,89.70753,"WGS84"
"483","BD201800000484",2018,484,24.423308,89.631238,"WGS84"
"484","BD201800000485",2018,485,24.683946,89.626073,"WGS84"
"485","BD201800000486",2018,486,24.54511,89.53107,"WGS84"
"486","BD201800000488",2018,488,24.161036,89.65984,"WGS84"
"487","BD201800000489",2018,489,24.438155,89.666057,"WGS84"
"488","BD201800000490",2018,490,24.514515,89.69174,"WGS84"
"489","BD201800000491",2018,491,24.384273,89.589969,"WGS84"
"490","BD201800000492",2018,492,24.393036,89.518448,"WGS84"
"491","BD201800000493",2018,493,24.844987,89.367541,"WGS84"
"492","BD201800000494",2018,494,24.874686,89.333332,"WGS84"
"493","BD201800000495",2018,495,24.829616,89.396759,"WGS84"
"494","BD201800000496",2018,496,24.813151,89.366824,"WGS84"
"495","BD201800000497",2018,497,25.035774,89.511443,"WGS84"
"496","BD201800000498",2018,498,25.022348,89.120806,"WGS84"
"497","BD201800000499",2018,499,24.828699,88.921934,"WGS84"
"498","BD201800000500",2018,500,25.033571,88.770322,"WGS84"
"499","BD201800000501",2018,501,24.22024,89.019362,"WGS84"
"500","BD201800000502",2018,502,24.499399,89.142968,"WGS84"
"501","BD201800000503",2018,503,24.584787,88.295247,"WGS84"
"502","BD201800000504",2018,504,24.68802,88.165807,"WGS84"
"503","BD201800000505",2018,505,24.174261,89.450683,"WGS84"
"504","BD201800000506",2018,506,24.008745,89.260069,"WGS84"
"505","BD201800000507",2018,507,23.92487,89.412347,"WGS84"
"506","BD201800000508",2018,508,24.447967,88.768671,"WGS84"
"507","BD201800000509",2018,509,24.352307,88.650973,"WGS84"
"508","BD201800000510",2018,510,24.628646,88.515933,"WGS84"
"509","BD201800000511",2018,511,24.521484,89.544428,"WGS84"
"510","BD201800000512",2018,512,24.466097,89.701628,"WGS84"
"511","BD201800000513",2018,513,24.326275,89.553281,"WGS84"
"512","BD201800000514",2018,514,24.37751,88.598437,"WGS84"
"513","BD201800000515",2018,515,24.36601,88.600448,"WGS84"
"514","BD201800000516",2018,516,24.366768,88.6187,"WGS84"
"515","BD201800000517",2018,517,24.623926,88.486913,"WGS84"
"516","BD201800000518",2018,518,24.37659,88.582197,"WGS84"
"517","BD201800000519",2018,519,24.398803,88.602568,"WGS84"
"518","BD201800000520",2018,520,25.893474,88.598285,"WGS84"
"519","BD201800000521",2018,521,25.983966,88.543077,"WGS84"
"520","BD201800000522",2018,522,25.760621,88.528711,"WGS84"
"521","BD201800000523",2018,523,25.776604,88.841213,"WGS84"
"522","BD201800000524",2018,524,25.727769,88.829183,"WGS84"
"523","BD201800000525",2018,525,25.262061,89.139021,"WGS84"
"524","BD201800000526",2018,526,25.75831,88.579485,"WGS84"
"525","BD201800000527",2018,527,25.552949,88.648507,"WGS84"
"526","BD201800000528",2018,528,25.548983,88.651134,"WGS84"
"527","BD201800000529",2018,529,25.331146,89.088949,"WGS84"
"528","BD201800000530",2018,530,25.661798,88.855124,"WGS84"
"529","BD201800000531",2018,531,25.266286,89.577102,"WGS84"
"530","BD201800000533",2018,533,25.210668,89.349716,"WGS84"
"531","BD201800000534",2018,534,25.132068,89.48613,"WGS84"
"532","BD201800000535",2018,535,25.176258,89.431358,"WGS84"
"533","BD201800000536",2018,536,25.223592,89.43627,"WGS84"
"534","BD201800000537",2018,537,25.403871,89.422146,"WGS84"
"535","BD201800000538",2018,538,25.046184,89.570139,"WGS84"
"536","BD201800000539",2018,539,25.537437,89.622418,"WGS84"
"537","BD201800000540",2018,540,25.514817,89.527599,"WGS84"
"538","BD201800000541",2018,541,26.061874,89.781733,"WGS84"
"539","BD201800000542",2018,542,25.485147,89.698008,"WGS84"
"540","BD201800000543",2018,543,25.773686,89.583941,"WGS84"
"541","BD201800000544",2018,544,25.922515,89.734876,"WGS84"
"542","BD201800000545",2018,545,25.908287,89.750289,"WGS84"
"543","BD201800000546",2018,546,25.778994,89.518407,"WGS84"
"544","BD201800000547",2018,547,25.783621,89.73951,"WGS84"
"545","BD201800000548",2018,548,25.617848,89.597192,"WGS84"
"546","BD201800000549",2018,549,25.966331,89.29935,"WGS84"
"547","BD201800000550",2018,550,26.074472,89.216953,"WGS84"
"548","BD201800000551",2018,551,25.994537,89.405947,"WGS84"
"549","BD201800000552",2018,552,25.866592,89.354376,"WGS84"
"550","BD201800000553",2018,553,26.380467,89.055695,"WGS84"
"551","BD201800000554",2018,554,26.15639,89.024808,"WGS84"
"552","BD201800000555",2018,555,26.076176,88.866623,"WGS84"
"553","BD201800000556",2018,556,25.964257,89.059018,"WGS84"
"554","BD201800000557",2018,557,25.860767,89.010559,"WGS84"
"555","BD201800000558",2018,558,25.900552,88.905816,"WGS84"
"556","BD201800000559",2018,559,26.011902,88.85518,"WGS84"
"557","BD201800000560",2018,560,25.836732,88.940664,"WGS84"
"558","BD201800000561",2018,561,26.222157,88.573323,"WGS84"
"559","BD201800000562",2018,562,26.172602,88.675632,"WGS84"
"560","BD201800000563",2018,563,26.334426,88.606285,"WGS84"
"561","BD201800000564",2018,564,25.626337,89.050325,"WGS84"
"562","BD201800000565",2018,565,25.954086,89.14528,"WGS84"
"563","BD201800000566",2018,566,25.891307,89.231538,"WGS84"
"564","BD201800000567",2018,567,25.686098,88.833585,"WGS84"
"565","BD201800000568",2018,568,25.677078,89.239668,"WGS84"
"566","BD201800000569",2018,569,25.541961,89.114858,"WGS84"
"567","BD201800000570",2018,570,25.504988,89.422948,"WGS84"
"568","BD201800000571",2018,571,25.611374,89.173609,"WGS84"
"569","BD201800000572",2018,572,25.721341,89.302778,"WGS84"
"570","BD201800000573",2018,573,25.486346,89.21864,"WGS84"
"571","BD201800000574",2018,574,25.456186,89.294715,"WGS84"
"572","BD201800000575",2018,575,25.80922,89.020606,"WGS84"
"573","BD201800000576",2018,576,25.922849,88.150883,"WGS84"
"574","BD201800000577",2018,577,25.906627,88.341555,"WGS84"
"575","BD201800000578",2018,578,25.942589,88.198874,"WGS84"
"576","BD201800000579",2018,579,26.157084,88.500114,"WGS84"
"577","BD201800000580",2018,580,26.142049,88.35161,"WGS84"
"578","BD201800000581",2018,581,25.818403,88.456355,"WGS84"
"579","BD201800000582",2018,582,25.25811,89.251535,"WGS84"
"580","BD201800000583",2018,583,25.626249,88.633066,"WGS84"
"581","BD201800000584",2018,584,25.618303,88.641776,"WGS84"
"582","BD201800000585",2018,585,25.66129,88.908023,"WGS84"
"583","BD201800000586",2018,586,25.324219,89.573533,"WGS84"
"584","BD201800000587",2018,587,25.269005,89.352103,"WGS84"
"585","BD201800000588",2018,588,26.116302,89.686973,"WGS84"
"586","BD201800000589",2018,589,25.944842,89.551619,"WGS84"
"587","BD201800000590",2018,590,25.989467,89.686012,"WGS84"
"588","BD201800000591",2018,591,25.579815,89.796162,"WGS84"
"589","BD201800000592",2018,592,25.973097,89.209542,"WGS84"
"590","BD201800000593",2018,593,26.338788,89.015303,"WGS84"
"591","BD201800000594",2018,594,26.003181,89.005177,"WGS84"
"592","BD201800000595",2018,595,25.81096,88.900083,"WGS84"
"593","BD201800000596",2018,596,25.792647,88.878201,"WGS84"
"594","BD201800000597",2018,597,26.318286,88.580238,"WGS84"
"595","BD201800000598",2018,598,25.818164,89.327144,"WGS84"
"596","BD201800000599",2018,599,25.750108,89.243406,"WGS84"
"597","BD201800000600",2018,600,25.739042,89.240526,"WGS84"
"598","BD201800000601",2018,601,25.722904,89.256571,"WGS84"
"599","BD201800000602",2018,602,25.414298,89.309235,"WGS84"
"600","BD201800000603",2018,603,25.896659,88.25973,"WGS84"
"601","BD201800000604",2018,604,26.00029,88.404672,"WGS84"
"602","BD201800000605",2018,605,24.554332,91.247678,"WGS84"
"603","BD201800000606",2018,606,24.310395,91.50194,"WGS84"
"604","BD201800000607",2018,607,24.526792,91.401546,"WGS84"
"605","BD201800000608",2018,608,24.45196,91.301813,"WGS84"
"606","BD201800000609",2018,609,24.078202,91.584556,"WGS84"
"607","BD201800000610",2018,610,24.247066,91.539562,"WGS84"
"608","BD201800000611",2018,611,24.352702,91.448466,"WGS84"
"609","BD201800000612",2018,612,24.255425,91.225346,"WGS84"
"610","BD201800000613",2018,613,24.219037,91.311063,"WGS84"
"611","BD201800000614",2018,614,24.127903,91.33994,"WGS84"
"612","BD201800000615",2018,615,24.497941,91.584771,"WGS84"
"613","BD201800000616",2018,616,24.658244,91.482615,"WGS84"
"614","BD201800000617",2018,617,24.674768,92.22209,"WGS84"
"615","BD201800000618",2018,618,24.500352,92.148312,"WGS84"
"616","BD201800000619",2018,619,24.41012,91.890442,"WGS84"
"617","BD201800000620",2018,620,24.477173,91.964749,"WGS84"
"618","BD201800000621",2018,621,24.422666,92.040224,"WGS84"
"619","BD201800000622",2018,622,24.463725,91.80728,"WGS84"
"620","BD201800000623",2018,623,24.481513,91.751568,"WGS84"
"621","BD201800000624",2018,624,24.544212,91.868085,"WGS84"
"622","BD201800000625",2018,625,24.388809,91.63207,"WGS84"
"623","BD201800000626",2018,626,24.25091,91.663036,"WGS84"
"624","BD201800000627",2018,627,25.043349,91.211821,"WGS84"
"625","BD201800000628",2018,628,25.061015,91.697028,"WGS84"
"626","BD201800000629",2018,629,24.887467,91.656558,"WGS84"
"627","BD201800000630",2018,630,24.923141,91.44516,"WGS84"
"628","BD201800000631",2018,631,24.728395,91.450865,"WGS84"
"629","BD201800000632",2018,632,24.90889,91.041035,"WGS84"
"630","BD201800000633",2018,633,25.068979,91.586231,"WGS84"
"631","BD201800000634",2018,634,25.11669,91.619349,"WGS84"
"632","BD201800000635",2018,635,24.703127,91.502904,"WGS84"
"633","BD201800000636",2018,636,24.960239,91.167602,"WGS84"
"634","BD201800000637",2018,637,25.03109,91.334925,"WGS84"
"635","BD201800000638",2018,638,25.110572,91.415375,"WGS84"
"636","BD201800000639",2018,639,25.187161,91.094673,"WGS84"
"637","BD201800000640",2018,640,24.706925,91.716663,"WGS84"
"638","BD201800000641",2018,641,24.913719,92.159471,"WGS84"
"639","BD201800000642",2018,642,24.784988,92.067765,"WGS84"
"640","BD201800000643",2018,643,24.884239,91.713808,"WGS84"
"641","BD201800000644",2018,644,24.811629,91.924294,"WGS84"
"642","BD201800000645",2018,645,24.841829,91.83432,"WGS84"
"643","BD201800000646",2018,646,24.886085,91.981877,"WGS84"
"644","BD201800000647",2018,647,24.789395,92.001207,"WGS84"
"645","BD201800000648",2018,648,25.156955,91.919351,"WGS84"
"646","BD201800000649",2018,649,25.062712,92.113082,"WGS84"
"647","BD201800000650",2018,650,24.980988,92.14704,"WGS84"
"648","BD201800000651",2018,651,24.964871,91.758068,"WGS84"
"649","BD201800000652",2018,652,24.931482,91.815696,"WGS84"
"650","BD201800000653",2018,653,24.916462,92.21363,"WGS84"
"651","BD201800000654",2018,654,24.414231,91.415605,"WGS84"
"652","BD201800000655",2018,655,24.265703,91.447327,"WGS84"
"653","BD201800000656",2018,656,24.582031,91.51823,"WGS84"
"654","BD201800000657",2018,657,24.336019,91.849431,"WGS84"
"655","BD201800000658",2018,658,24.489322,91.793964,"WGS84"
"656","BD201800000659",2018,659,24.326042,91.740214,"WGS84"
"657","BD201800000660",2018,660,24.946165,91.397049,"WGS84"
"658","BD201800000661",2018,661,24.766286,91.572437,"WGS84"
"659","BD201800000662",2018,662,25.061394,91.396964,"WGS84"
"660","BD201800000663",2018,663,24.792249,92.105549,"WGS84"
"661","BD201800000664",2018,664,24.704388,91.927243,"WGS84"
"662","BD201800000665",2018,665,24.996481,92.210666,"WGS84"
"663","BD201800000666",2018,666,24.919092,92.377902,"WGS84"
"664","BD201800000667",2018,667,24.913089,91.858773,"WGS84"
"665","BD201800000668",2018,668,24.923917,91.87339,"WGS84"
"666","BD201800000669",2018,669,24.899298,91.861863,"WGS84"
"667","BD201800000670",2018,670,24.903436,91.834455,"WGS84"
"668","BD201800000671",2018,671,24.886918,91.877639,"WGS84"
"669","BD201800000672",2018,672,24.90129,91.874433,"WGS84"
"670","BD201800000673",2018,673,24.896535,91.894769,"WGS84"
"671","BD201800000674",2018,674,24.893885,91.894777,"WGS84"
"672","BD201800000675",2018,675,24.873228,91.884452,"WGS84"
